"","1","2","3","4","5","6","7"
"不想",0.0492914978742983,0,0,0,0.00866836893073191,0,0
"不愛我",0.0510428167646837,0,0,0,0,0,0
"不是",0.0222253167515718,0,0.00430419866667763,0,0,0.00688671786668422,0
"不要",0.0154453990463259,0.0012166085893991,0.00683699756577805,0,0.00116409311072,0.00546959805262244,0
"不讓",0.0164304992914328,0,0,0,0.00866836893073191,0,0
"之前",0.0382821125735128,0,0,0,0,0,0
"了",0.0030326239273152,0.0016721234686951,0.00391535953057127,0.00339530414254119,0.000533315159080211,0.00563811772402263,0
"人要",0.0328609985828655,0,0.00636392578189297,0,0,0,0
"他",0.0164304992914328,0,0,0,0,0.0101822812510288,0
"作曲",0,0,0,0,0,0,0
"作詞",0,0,0,0,0,0,0
"你",0,0,0,0,0,0,0
"冒",0.0382821125735128,0,0,0,0,0,0
"剛好",0.0638035209558546,0,0,0,0,0,0
"加速",0.0382821125735128,0,0,0,0,0,0
"又",0.0328609985828655,0,0,0.013796602458455,0,0,0
"反正",0.0328609985828655,0,0,0,0,0.0101822812510288,0
"可以",0.0110093853007855,0.00202344591994387,0,0,0.00193610293059377,0,0.00414028165157746
"周杰倫",0,0,0,0,0,0,0
"哥練",0.0510428167646837,0,0,0,0,0,0
"在",0,0,0,0,0,0,0
"外套",0.0382821125735128,0,0,0,0,0,0
"套牢",0.0382821125735128,0,0,0,0,0,0
"好",0.0222253167515718,0,0,0.00466561992876507,0,0.00688671786668422,0
"好膽",0.0382821125735128,0,0,0,0,0,0
"如果",0.0328609985828655,0,0.00636392578189297,0,0,0,0
"安全帽",0.0382821125735128,0,0,0,0,0,0
"宋健彰",0.0127607041911709,0,0,0,0,0,0
"寒",0.0382821125735128,0,0,0,0,0,0
"就",0.0403677461028802,0,0.014213995106648,0,0.00580830879178132,0,0.00414028165157746
"幸福",0.0277816459394647,0,0,0,0.00879419008155718,0,0.00626867908377666
"彈頭",0.0127607041911709,0,0,0,0,0,0
"愛情",0.0110093853007855,0.00404689183988774,0,0,0,0.00454847843412735,0.00828056330315491
"愛的",0.0246457489371491,0,0,0.0068983012292275,0,0,0
"愛的險",0.0382821125735128,0,0,0,0,0,0
"懷抱",0.0255214083823419,0,0,0,0,0,0
"我",0,0,0,0,0,0,0
"我好",0.0255214083823419,0,0,0,0,0,0
"我給",0.0127607041911709,0,0,0,0,0,0
"戴好",0.0382821125735128,0,0,0,0,0,0
"手放",0.0382821125735128,0,0,0,0,0,0
"把",0.0333379751273577,0,0.00430419866667763,0,0.00293139669385239,0,0
"抱抱",0.0382821125735128,0,0,0,0,0,0
"拉倒",0.0510428167646837,0,0,0,0,0,0
"沒有",0.0222253167515718,0,0.00860839733335527,0,0,0.00688671786668422,0
"流來",0.0382821125735128,0,0,0,0,0,0
"狂飆",0.0382821125735128,0,0,0,0,0,0
"的",0,0,0,0,0,0,0
"真比",0.0255214083823419,0,0,0,0,0,0
"算了",0.0127607041911709,0,0,0,0,0,0
"胸肌",0.0510428167646837,0,0,0,0,0,0
"被",0.0110093853007855,0.00404689183988774,0.00284279902132959,0,0,0,0.00828056330315491
"說",0.0030326239273152,0.0016721234686951,0.000783071906114254,0,0.000533315159080211,0.00563811772402263,0.00228094791114306
"跌倒",0.0246457489371491,0,0.00636392578189297,0,0,0,0
"路上",0.0246457489371491,0,0.00636392578189297,0,0,0,0
"還想",0.0510428167646837,0,0,0,0,0,0
"離開",0.0246457489371491,0.00452971158410427,0,0,0,0,0
"靠",0.0222253167515718,0,0.00430419866667763,0,0.00293139669385239,0,0
"麥造",0.0382821125735128,0,0,0,0,0,0
"一個",0,0.00612728030745087,0.00430419866667763,0,0,0.00688671786668422,0
"一樣",0,0.00905942316820854,0,0.0068983012292275,0,0,0
"一篇",0,0.00703597724826467,0,0,0,0,0
"一般",0,0.00703597724826467,0,0,0,0,0
"一起",0,0.00607033775983161,0,0.00308150733609773,0.00387220586118755,0.00454847843412735,0
"中等",0,0.00703597724826467,0,0,0,0,0
"之中",0,0.00703597724826467,0,0,0,0,0
"任何",0,0.021107931744794,0,0,0,0,0
"修改",0,0.00703597724826467,0,0,0,0,0
"傻傻",0,0.0140719544965293,0,0,0,0,0
"像",0,0.00306364015372543,0.00430419866667763,0,0,0,0.0125373581675533
"公園",0,0.021107931744794,0,0,0,0,0
"再",0,0.00306364015372543,0,0,0.00293139669385239,0.00688671786668422,0
"再見",0,0.021107931744794,0,0,0,0,0
"初戀",0,0.021107931744794,0,0,0,0,0
"別離",0,0.00703597724826467,0,0,0,0,0
"前",0,0.0140719544965293,0,0,0,0,0
"勳",0,0.00306364015372543,0,0,0,0.00344335893334211,0.00626867908377666
"午後",0,0.00905942316820854,0.00636392578189297,0,0,0,0
"卡片",0,0.021107931744794,0,0,0,0,0
"去",0,0.0351798862413234,0,0,0,0,0
"吉他",0,0.00905942316820854,0.00636392578189297,0,0,0,0
"和弦",0,0.042215863489588,0,0,0,0,0
"咖啡館",0,0.00703597724826467,0,0,0,0,0
"哭",0,0.00452971158410427,0.0190917773456789,0,0,0,0
"唱",0,0.00612728030745087,0,0.0139968597862952,0.00879419008155718,0,0
"回來",0,0.00703597724826467,0,0,0,0,0
"回去",0,0.00703597724826467,0,0,0,0,0
"回憶",0,0.00905942316820854,0,0,0,0,0.00926848677978259
"地",0,0.00703597724826467,0,0,0,0,0
"地方",0,0.021107931744794,0,0,0,0,0
"夕陽",0,0.00703597724826467,0,0,0,0,0
"多年",0,0.0140719544965293,0,0,0,0,0
"夜空",0,0.00703597724826467,0,0,0,0,0
"太",0,0.00452971158410427,0.00636392578189297,0,0,0,0
"如詩",0,0.00703597724826467,0,0,0,0,0
"安靜",0,0.00452971158410427,0,0,0,0,0.00926848677978259
"封信",0,0.00703597724826467,0,0,0,0,0
"將",0,0.0140719544965293,0,0,0,0,0
"屬於",0,0.021107931744794,0,0,0,0,0
"已",0,0.021107931744794,0,0,0,0,0
"年輕",0,0.00452971158410427,0,0,0,0,0.00926848677978259
"廣場",0,0.0135891347523128,0,0.0068983012292275,0,0,0
"形容",0,0.00703597724826467,0,0,0,0,0
"彩虹",0,0.00703597724826467,0,0,0,0,0
"很",0,0.00306364015372543,0,0,0,0.00688671786668422,0.0250747163351066
"從前",0,0.0181188463364171,0,0,0,0.0101822812510288,0
"微甜",0,0.021107931744794,0,0,0,0,0
"微風",0,0.00703597724826467,0,0,0,0,0
"徹底",0,0.00703597724826467,0,0,0,0,0
"心事",0,0.00452971158410427,0,0,0,0,0.0185369735595652
"心動",0,0.00703597724826467,0,0,0,0,0
"心裡面",0,0.0135891347523128,0,0,0.00866836893073191,0,0
"怎麼",0,0.00452971158410427,0,0,0.00433418446536596,0,0
"思念",0,0.00703597724826467,0,0,0,0,0
"情人節",0,0.021107931744794,0,0,0,0,0
"情緒",0,0.00452971158410427,0,0,0,0,0.00926848677978259
"想",0,0.00111474897913007,0.000783071906114254,0.000848826035635298,0.00213326063632084,0.000626457524891403,0.00228094791114306
"想要",0,0.00703597724826467,0,0,0,0,0
"愛上你",0,0.00703597724826467,0,0,0,0,0
"懷念",0,0.00703597724826467,0,0,0,0,0
"戀情",0,0.021107931744794,0,0,0,0,0
"成",0,0.00703597724826467,0,0,0,0,0
"我們",0,0.00905942316820854,0.00636392578189297,0,0,0,0
"我將",0,0.021107931744794,0,0,0,0,0
"或許",0,0.021107931744794,0,0,0,0,0
"手寫",0,0.0492518407378527,0,0,0,0,0
"接近",0,0.00703597724826467,0,0,0,0,0
"揹",0,0.0140719544965293,0,0,0,0,0
"擁有",0,0.00452971158410427,0.0127278515637859,0,0,0,0
"整遍",0,0.021107931744794,0,0,0,0,0
"文章",0,0.00703597724826467,0,0,0,0,0
"斜",0,0.0140719544965293,0,0,0,0,0
"方文山",0,0.00452971158410427,0,0,0,0,0.00926848677978259
"旁",0,0.0135891347523128,0,0.0068983012292275,0,0,0
"旅行",0,0.00703597724826467,0,0,0,0,0
"春暖花開",0,0.00703597724826467,0,0,0,0,0
"是",0,0.00608304294699551,0.00512774817433354,0.00185277414950474,0.00698455866432002,0,0.00248936834446278
"是否",0,0.00452971158410427,0,0,0.00433418446536596,0,0
"月光",0,0.00703597724826467,0,0,0,0,0
"未來",0,0.00452971158410427,0,0,0.0130025533960979,0,0
"染",0,0.00703597724826467,0,0,0,0,0
"校園",0,0.021107931744794,0,0,0,0,0
"楓紅",0,0.00703597724826467,0,0,0,0,0
"永遠",0,0.0135891347523128,0.0190917773456789,0,0,0,0
"決定",0,0.00703597724826467,0,0,0,0,0
"沙灘",0,0.00703597724826467,0,0,0,0,0
"浮萍",0,0.00703597724826467,0,0,0,0,0
"消息",0,0.00703597724826467,0,0,0,0,0
"淚光",0,0.00703597724826467,0,0,0,0,0
"深埋在",0,0.021107931744794,0,0,0,0,0
"溪流",0,0.00703597724826467,0,0,0,0,0
"為",0,0.00202344591994387,0.00568559804265918,0,0.0077444117223751,0.00454847843412735,0
"片片",0,0.00703597724826467,0,0,0,0,0
"瓶裝",0,0.00703597724826467,0,0,0,0,0
"用",0,0.00703597724826467,0,0,0,0,0
"當",0,0.021107931744794,0,0,0,0,0
"痛",0,0.00703597724826467,0,0,0,0,0
"白",0,0.00703597724826467,0,0,0,0,0
"相遇",0,0.00703597724826467,0,0,0,0,0
"看",0,0.0121406755196632,0,0.00616301467219545,0.00580830879178132,0.00227423921706367,0
"看看",0,0.00452971158410427,0.00636392578189297,0,0,0,0
"秋天",0,0.021107931744794,0,0,0,0,0
"秋季",0,0.00703597724826467,0,0,0,0,0
"秘密",0,0.00703597724826467,0,0,0,0,0
"窗台",0,0.00703597724826467,0,0,0,0,0
"竹林",0,0.00703597724826467,0,0,0,0,0
"笑容",0,0.00703597724826467,0,0,0,0,0
"等",0,0.0271782695046256,0,0.013796602458455,0,0,0
"等待",0,0.00703597724826467,0,0,0,0,0
"等於",0,0.00703597724826467,0,0,0,0,0
"等明",0,0.00703597724826467,0,0,0,0,0
"等終",0,0.00703597724826467,0,0,0,0,0
"糖果店",0,0.021107931744794,0,0,0,0,0
"紙上",0,0.00703597724826467,0,0,0,0,0
"素描畫",0,0.00703597724826467,0,0,0,0,0
"編曲",0,0.00306364015372543,0,0,0,0.00344335893334211,0.00626867908377666
"繁榮",0,0.00703597724826467,0,0,0,0,0
"美的",0,0.00703597724826467,0,0,0,0,0
"而",0,0.00905942316820854,0,0,0,0,0.0463424338989129
"肩上",0,0.0140719544965293,0,0,0,0,0
"臉",0,0.042215863489588,0,0,0,0,0
"般的",0,0.00703597724826467,0,0,0,0,0
"落雪",0,0.00703597724826467,0,0,0,0,0
"著",0,0.0145993030727892,0.00341849878288903,0.0111166448970284,0.00116409311072,0,0.00995747337785111
"蜻蜓",0,0.00306364015372543,0.00430419866667763,0,0,0,0.00626867908377666
"表演",0,0.021107931744794,0,0,0,0,0
"表白",0,0.00703597724826467,0,0,0,0,0
"裡在",0,0.021107931744794,0,0,0,0,0
"裡特",0,0.00703597724826467,0,0,0,0,0
"記得",0,0.021445481076078,0.0129125960000329,0.00933123985753014,0,0,0
"記憶",0,0.021107931744794,0,0,0,0,0
"詩句",0,0.00703597724826467,0,0,0,0,0
"該",0,0.00452971158410427,0.00636392578189297,0,0,0,0
"調成",0,0.00703597724826467,0,0,0,0,0
"走",0,0.0091909204611763,0.00430419866667763,0.0186624797150603,0,0,0
"趟",0,0.00703597724826467,0,0,0,0,0
"跟",0,0.0091909204611763,0,0.00466561992876507,0.00293139669385239,0,0
"路過",0,0.00703597724826467,0,0,0,0,0
"輕刷",0,0.042215863489588,0,0,0,0,0
"輕輕",0,0.0140719544965293,0,0,0,0,0
"透明",0,0.00452971158410427,0,0,0,0,0.00926848677978259
"這",0,0.0181188463364171,0,0.0068983012292275,0,0,0
"進行",0,0.00703597724826467,0,0,0,0,0
"過後",0,0.00703597724826467,0,0,0,0,0
"遠",0,0.021107931744794,0,0,0,0,0
"還",0,0.0183818409223526,0.0129125960000329,0,0,0.00688671786668422,0
"還在",0,0.00905942316820854,0,0.013796602458455,0,0,0
"還能",0,0.00703597724826467,0,0,0,0,0
"那年",0,0.0281439089930587,0,0,0,0,0
"都",0,0.00404689183988774,0,0.00924452200829318,0.0077444117223751,0.00454847843412735,0
"鄉愁",0,0.00703597724826467,0,0,0,0,0
"醞釀",0,0.00703597724826467,0,0,0,0,0
"重溫",0,0.0140719544965293,0,0,0,0,0
"鐘",0,0.00703597724826467,0,0,0,0,0
"陽光",0,0.0135891347523128,0.00636392578189297,0,0,0,0
"雛菊",0,0.00703597724826467,0,0,0,0,0
"雨",0,0.00306364015372543,0,0,0,0.00344335893334211,0.0125373581675533
"雨季",0,0.00703597724826467,0,0,0,0,0
"需要",0,0.021107931744794,0,0,0,0,0
"霓虹",0,0.00703597724826467,0,0,0,0,0
"青春",0,0.00452971158410427,0,0,0,0,0.00926848677978259
"風",0,0.00703597724826467,0,0,0,0,0
"風景",0,0.00452971158410427,0,0,0,0,0.00926848677978259
"風鈴",0,0.00452971158410427,0,0,0,0,0.00926848677978259
"黃",0,0.00306364015372543,0,0,0,0.00344335893334211,0.00626867908377666
"一切",0,0,0.0197701050849127,0,0,0,0
"上",0,0,0.00430419866667763,0,0.00293139669385239,0,0.00626867908377666
"上色",0,0,0.00988505254245635,0,0,0,0
"下去",0,0,0.00988505254245635,0,0,0,0
"不",0,0,0.00284279902132959,0.00616301467219545,0,0.00909695686825469,0.00414028165157746
"不到",0,0,0.00636392578189297,0,0.00433418446536596,0,0
"不敢",0,0,0.00988505254245635,0,0,0,0
"世界",0,0,0.00430419866667763,0.00933123985753014,0,0,0.0125373581675533
"中",0,0,0.00636392578189297,0,0.0260051067921957,0,0
"人為",0,0,0.00988505254245635,0,0,0,0
"人生",0,0,0.00988505254245635,0,0,0,0
"什麼",0,0,0.00430419866667763,0,0.0117255867754096,0.00688671786668422,0
"依靠",0,0,0.0296551576273691,0,0,0,0
"偷摘",0,0,0.00988505254245635,0,0,0,0
"偷笑",0,0,0.00988505254245635,0,0,0,0
"先",0,0,0.00636392578189297,0,0,0.0101822812510288,0
"功成名就",0,0,0.00988505254245635,0,0,0,0
"努力",0,0,0.00988505254245635,0,0,0,0
"勇敢",0,0,0.00988505254245635,0,0,0,0
"叫做",0,0,0.00988505254245635,0,0,0,0
"吧",0,0,0.00430419866667763,0,0.00586279338770479,0.0137734357333684,0
"吹著",0,0,0.00988505254245635,0,0,0,0
"呢",0,0,0.00988505254245635,0,0,0,0
"哦",0,0,0.0395402101698254,0,0,0,0
"唯一",0,0,0.0296551576273691,0,0,0,0
"喜歡",0,0,0.00430419866667763,0,0.00293139669385239,0.00688671786668422,0
"回到",0,0,0.0190917773456789,0,0,0.0101822812510288,0
"回家吧",0,0,0.0296551576273691,0,0,0,0
"城堡",0,0,0.0296551576273691,0,0,0,0
"墮落",0,0,0.00988505254245635,0,0,0,0
"多",0,0,0.00860839733335527,0,0.00293139669385239,0.0206601536000526,0
"多少",0,0,0.00636392578189297,0,0,0.0101822812510288,0
"夢",0,0,0.0395402101698254,0,0,0,0
"夢想",0,0,0.00988505254245635,0,0,0,0
"奔跑",0,0,0.0296551576273691,0,0,0,0
"容易",0,0,0.00988505254245635,0,0,0,0
"對",0,0,0.00636392578189297,0,0.00433418446536596,0,0
"小時候",0,0,0.0296551576273691,0,0,0,0
"就算",0,0,0.0197701050849127,0,0,0,0
"帶著",0,0,0.0296551576273691,0,0,0,0
"往前走",0,0,0.00988505254245635,0,0,0,0
"得",0,0,0.00636392578189297,0,0.00866836893073191,0,0
"微微",0,0,0.0296551576273691,0,0,0,0
"心碎",0,0,0.00988505254245635,0,0,0,0
"快樂",0,0,0.0296551576273691,0,0,0,0
"怕",0,0,0.0127278515637859,0,0,0,0.00926848677978259
"意義",0,0,0.00988505254245635,0,0,0,0
"愛塗",0,0,0.00988505254245635,0,0,0,0
"所謂",0,0,0.00988505254245635,0,0,0,0
"手裡",0,0,0.00988505254245635,0,0,0,0
"打開",0,0,0.00988505254245635,0,0,0,0
"抱怨",0,0,0.00988505254245635,0,0,0,0
"換個",0,0,0.00988505254245635,0,0,0,0
"放棄",0,0,0.00636392578189297,0,0,0.0101822812510288,0
"是不是",0,0,0.00988505254245635,0,0,0,0
"更",0,0,0.0190917773456789,0,0.0130025533960979,0,0
"最初",0,0,0.0296551576273691,0,0,0,0
"有",0,0,0.00284279902132959,0,0.00193610293059377,0.00909695686825469,0.00828056330315491
"歌詞",0,0,0.00636392578189297,0,0.00433418446536596,0,0
"歌詞網",0,0,0.00636392578189297,0,0.00433418446536596,0,0
"歌謠",0,0,0.0296551576273691,0,0,0,0
"水果",0,0,0.00988505254245635,0,0,0,0
"河流",0,0,0.0296551576273691,0,0,0,0
"清脆",0,0,0.00988505254245635,0,0,0,0
"灑在",0,0,0.00988505254245635,0,0,0,0
"珍惜",0,0,0.0197701050849127,0,0,0,0
"現在",0,0,0.00636392578189297,0.013796602458455,0,0,0
"生命",0,0,0.00988505254245635,0,0,0,0
"田裡",0,0,0.00988505254245635,0,0,0,0
"目的",0,0,0.00988505254245635,0,0,0,0
"睡",0,0,0.00988505254245635,0,0,0,0
"知足",0,0,0.00988505254245635,0,0,0,0
"知道",0,0,0.0129125960000329,0,0.00293139669385239,0,0.0125373581675533
"稻草人",0,0,0.00988505254245635,0,0,0,0
"稻香",0,0,0.0395402101698254,0,0,0,0
"童年",0,0,0.00636392578189297,0,0.00433418446536596,0,0
"笑",0,0,0.0254557031275719,0,0,0.00509114062551438,0
"紙飛機",0,0,0.00988505254245635,0,0,0,0
"累",0,0,0.00988505254245635,0,0,0,0
"終於",0,0,0.00430419866667763,0.00466561992876507,0,0,0.0125373581675533
"給叮到",0,0,0.00988505254245635,0,0,0,0
"繼續",0,0,0.0395402101698254,0,0,0,0
"美好",0,0,0.0296551576273691,0,0,0,0
"脆弱",0,0,0.00988505254245635,0,0,0,0
"自己",0,0,0.0197701050849127,0,0,0,0
"著歌",0,0,0.00988505254245635,0,0,0,0
"蜜蜂",0,0,0.00988505254245635,0,0,0,0
"螢火蟲",0,0,0.0296551576273691,0,0,0,0
"蟲鳴",0,0,0.00988505254245635,0,0,0,0
"詳盡",0,0,0.00636392578189297,0,0.00433418446536596,0,0
"說家",0,0,0.0296551576273691,0,0,0,0
"誰",0,0,0.00430419866667763,0,0,0.0137734357333684,0.00626867908377666
"請",0,0,0.00988505254245635,0,0,0,0
"讓",0,0,0.0172167946667105,0,0.0117255867754096,0.00688671786668422,0
"赤腳",0,0,0.00988505254245635,0,0,0,0
"追",0,0,0.0197701050849127,0,0,0,0
"追到",0,0,0.00988505254245635,0,0,0,0
"逃跑",0,0,0.0296551576273691,0,0,0,0
"這個",0,0,0.00988505254245635,0,0,0,0
"這才",0,0,0.00988505254245635,0,0,0,0
"這麼",0,0,0.0197701050849127,0,0,0,0
"那",0,0,0.00430419866667763,0,0.00293139669385239,0.00688671786668422,0
"鄉間",0,0,0.0296551576273691,0,0,0,0
"隨著",0,0,0.0296551576273691,0,0,0,0
"電視",0,0,0.00988505254245635,0,0,0,0
"顏色",0,0,0.00988505254245635,0,0,0,0
"風唱",0,0,0.00988505254245635,0,0,0,0
"飛回",0,0,0.00988505254245635,0,0,0,0
"魔鏡",0,0,0.00636392578189297,0,0.00433418446536596,0,0
"鮮豔",0,0,0.00988505254245635,0,0,0,0
"一年",0,0,0,0.0214301902447145,0,0,0
"一間",0,0,0,0.0107150951223573,0,0,0
"一點",0,0,0,0.0107150951223573,0,0,0
"三年",0,0,0,0.0107150951223573,0,0,0
"下課",0,0,0,0.0214301902447145,0,0,0
"不吃",0,0,0,0.0107150951223573,0,0,0
"不期而遇",0,0,0,0.0107150951223573,0,0,0
"不求",0,0,0,0.0107150951223573,0,0,0
"不能",0,0,0,0.0068983012292275,0,0.0101822812510288,0
"不該",0,0,0,0.0214301902447145,0,0,0
"不進",0,0,0,0.0107150951223573,0,0,0
"也",0,0,0,0.00933123985753014,0,0.0206601536000526,0.00626867908377666
"也許",0,0,0,0.0214301902447145,0,0,0
"人來人往",0,0,0,0.0107150951223573,0,0,0
"什",0,0,0,0.0428603804894291,0,0,0
"代表",0,0,0,0.0214301902447145,0,0,0
"份",0,0,0,0.0107150951223573,0,0,0
"住",0,0,0,0.0107150951223573,0,0,0
"做",0,0,0,0.0107150951223573,0,0,0
"公寓",0,0,0,0.0107150951223573,0,0,0
"到",0,0,0,0.013796602458455,0.00866836893073191,0,0
"卻",0,0,0,0.0068983012292275,0.0130025533960979,0,0
"合",0,0,0,0.0214301902447145,0,0,0
"告白",0,0,0,0.0107150951223573,0,0,0
"告訴",0,0,0,0.0068983012292275,0.00433418446536596,0,0
"周",0,0,0,0.0107150951223573,0,0,0
"喔",0,0,0,0.0214301902447145,0,0,0
"嗎",0,0,0,0.0068983012292275,0,0.0152734218765431,0
"回了頭",0,0,0,0.0107150951223573,0,0,0
"大學",0,0,0,0.0107150951223573,0,0,0
"好好",0,0,0,0.0068983012292275,0.00433418446536596,0,0
"學會",0,0,0,0.0107150951223573,0,0,0
"學校",0,0,0,0.0321452853670718,0,0,0
"守護",0,0,0,0.0107150951223573,0,0,0
"宿舍",0,0,0,0.0107150951223573,0,0,0
"寫",0,0,0,0.013796602458455,0.0216709223268298,0,0
"寫給",0,0,0,0.0214301902447145,0,0,0
"工作",0,0,0,0.0107150951223573,0,0,0
"已經",0,0,0,0.0214301902447145,0,0,0
"巷子",0,0,0,0.0107150951223573,0,0,0
"年代",0,0,0,0.0214301902447145,0,0,0
"彈著琴",0,0,0,0.0107150951223573,0,0,0
"很近",0,0,0,0.0107150951223573,0,0,0
"心裡",0,0,0,0.0107150951223573,0,0,0
"情書",0,0,0,0.02759320491691,0.00433418446536596,0,0
"我租",0,0,0,0.0107150951223573,0,0,0
"才",0,0,0,0.0107150951223573,0,0,0
"找",0,0,0,0.0068983012292275,0.00433418446536596,0,0
"找尋",0,0,0,0.0107150951223573,0,0,0
"操場",0,0,0,0.0214301902447145,0,0,0
"擦肩而過",0,0,0,0.0214301902447145,0,0,0
"收到",0,0,0,0.0214301902447145,0,0,0
"教室",0,0,0,0.0214301902447145,0,0,0
"早餐",0,0,0,0.0107150951223573,0,0,0
"星空",0,0,0,0.0214301902447145,0,0,0
"暗戀",0,0,0,0.0107150951223573,0,0,0
"會",0,0,0,0.013796602458455,0.0216709223268298,0,0
"有人",0,0,0,0.0214301902447145,0,0,0
"根本",0,0,0,0.0107150951223573,0,0,0
"楊",0,0,0,0.0107150951223573,0,0,0
"楊瑞代",0,0,0,0.0107150951223573,0,0,0
"歌",0,0,0,0.0068983012292275,0.00866836893073191,0,0
"氣球",0,0,0,0.0107150951223573,0,0,0
"沒",0,0,0,0.0214301902447145,0,0,0
"沒看",0,0,0,0.0107150951223573,0,0,0
"沒考上",0,0,0,0.0107150951223573,0,0,0
"燈",0,0,0,0.0214301902447145,0,0,0
"0,0,0,0.02143019,0,0,0
"0,0,0,0.0107151,0,0,0
"當你",0,0,0,0.02143019,0,0,0
"當我",0,0,0,0.0107151,0,0,0
"痛苦",0,0,0,0.02143019,0,0,0
"發現",0,0,0,0.0206949,0,0,0.009268487
"結局",0,0,0,0.0107151,0,0,0
"總有",0,0,0,0.02143019,0,0,0
"總有一天",0,0,0,0.02143019,0,0,0
"耳機",0,0,0,0.0107151,0,0,0
"聽什",0,0,0,0.0107151,0,0,0
"能",0,0,0,0.0107151,0,0,0
"與",0,0,0,0.0107151,0,0,0
"蛋餅",0,0,0,0.0107151,0,0,0
"裡",0,0,0,0.006898301,0,0.01018228,0
"裡的",0,0,0,0.02143019,0,0,0
"讀書",0,0,0,0.0107151,0,0,0
"走心",0,0,0,0.0107151,0,0,0
"走遠",0,0,0,0.02143019,0,0,0
"身邊",0,0,0,0.0137966,0,0,0.009268487
"躺",0,0,0,0.02143019,0,0,0
"這等",0,0,0,0.0107151,0,0,0
"還亮",0,0,0,0.02143019,0,0,0
"鐘聲",0,0,0,0.0107151,0,0,0
"開始",0,0,0,0.006898301,0.02167092,0,0
"陪",0,0,0,0.0137966,0,0,0.009268487
"離",0,0,0,0.0107151,0,0,0
"響",0,0,0,0.0107151,0,0,0
"高中",0,0,0,0.0107151,0,0,0
"0,0,0,0.06429057,0,0,0
"默默",0,0,0,0.0137966,0,0,0.009268487
"一台",0,0,0,0,0.01346453,0,0
"但",0,0,0,0,0.008668369,0.01018228,0
"但媽",0,0,0,0,0.006732266,0,0
"保護",0,0,0,0,0.02692906,0,0
"兩天",0,0,0,0,0.006732266,0,0
"其他同學",0,0,0,0,0.006732266,0,0
"別",0,0,0,0,0.02692906,0,0
"別人",0,0,0,0,0.0403936,0,0
"受傷",0,0,0,0,0.02692906,0,0
"叫",0,0,0,0,0.006732266,0,0
"同學",0,0,0,0,0.006732266,0,0
"吻別",0,0,0,0,0.006732266,0,0
"周潤發",0,0,0,0,0.006732266,0,0
"唉",0,0,0,0,0.006732266,0,0
"問號",0,0,0,0,0.006732266,0,0
"嘴巴",0,0,0,0,0.006732266,0,0
"因為",0,0,0,0,0.01346453,0,0
"因為過",0,0,0,0,0.006732266,0,0
"多多",0,0,0,0,0.01346453,0,0
"夢遊",0,0,0,0,0.01346453,0,0
"大大的",0,0,0,0,0.006732266,0,0
"大家",0,0,0,0,0.02692906,0,0
"天使",0,0,0,0,0.0201968,0,0
"她",0,0,0,0,0.08751946,0,0
"媽媽",0,0,0,0,0.04767603,0.01018228,0
"學",0,0,0,0,0.006732266,0,0
"學畫",0,0,0,0,0.006732266,0,0
"完",0,0,0,0,0.006732266,0,0
"寫東",0,0,0,0,0.006732266,0,0
"寫西",0,0,0,0,0.006732266,0,0
"將來",0,0,0,0,0.01346453,0,0
"對著",0,0,0,0,0.006732266,0,0
"小朋友",0,0,0,0,0.006732266,0,0
"建議",0,0,0,0,0.006732266,0,0
"張學友",0,0,0,0,0.006732266,0,0
"很多",0,0,0,0,0.006732266,0,0
"後",0,0,0,0,0.0201968,0,0
"得到",0,0,0,0,0.006732266,0,0
"從",0,0,0,0,0.006732266,0,0
"快",0,0,0,0,0.01346453,0,0
"快快",0,0,0,0,0.02692906,0,0
"慈祥",0,0,0,0,0.0201968,0,0
"戀愛",0,0,0,0,0.01346453,0,0
"我會",0,0,0,0,0.01346453,0,0
"我畫",0,0,0,0,0.01346453,0,0
"我要",0,0,0,0,0.006732266,0,0
"所以",0,0,0,0,0.01346453,0,0
"手",0,0,0,0,0.01346453,0,0
"才能",0,0,0,0,0.02692906,0,0
"把手",0,0,0,0,0.01346453,0,0
"拿",0,0,0,0,0.006732266,0,0
"握握",0,0,0,0,0.01346453,0,0
"撿",0,0,0,0,0.006732266,0,0
"操場上",0,0,0,0,0.006732266,0,0
"收著",0,0,0,0,0.006732266,0,0
"教壞",0,0,0,0,0.006732266,0,0
"明白",0,0,0,0,0.01346453,0,0
"時",0,0,0,0,0.006732266,0,0
"晚點",0,0,0,0,0.006732266,0,0
"書包",0,0,0,0,0.006732266,0,0
"最好",0,0,0,0,0.004334184,0.01018228,0
"有空",0,0,0,0,0.01346453,0,0
"母親節",0,0,0,0,0.006732266,0,0
"比",0,0,0,0,0.03366133,0,0
"毛衣",0,0,0,0,0.006732266,0,0
"流行歌",0,0,0,0,0.006732266,0,0
"清楚",0,0,0,0,0.006732266,0,0
"準備",0,0,0,0,0.006732266,0,0
"溫暖",0,0,0,0,0.03366133,0,0
"漫畫",0,0,0,0,0.0201968,0,0
"炫耀",0,0,0,0,0.006732266,0,0
"爸爸",0,0,0,0,0.004334184,0.01527342,0
"牆壁",0,0,0,0,0.006732266,0,0
"牽著",0,0,0,0,0.01346453,0,0
"王牌",0,0,0,0,0.01346453,0,0
"玩遊戲",0,0,0,0,0.006732266,0,0
"用功讀書",0,0,0,0,0.0201968,0,0
"畫",0,0,0,0,0.006732266,0,0
"發芽",0,0,0,0,0.0201968,0,0
"白髮",0,0,0,0,0.0201968,0,0
"的話",0,0,0,0,0.03033929,0.03563798,0
"看見",0,0,0,0,0.01346453,0,0
"織給",0,0,0,0,0.006732266,0,0
"美麗",0,0,0,0,0.0201968,0,0
"聽",0,0,0,0,0.03033929,0.0254557,0
"背",0,0,0,0,0.006732266,0,0
"舊舊",0,0,0,0,0.006732266,0,0
"要",0,0,0,0,0.01733674,0.03563798,0
"說出",0,0,0,0,0.006732266,0,0
"說話",0,0,0,0,0.004334184,0.005091141,0
"談個",0,0,0,0,0.006732266,0,0
"賭神",0,0,0,0,0.006732266,0,0
"跑",0,0,0,0,0.01346453,0,0
"路",0,0,0,0,0.006732266,0,0
"輸",0,0,0,0,0.006732266,0,0
"辛苦",0,0,0,0,0.01346453,0,0
"送人",0,0,0,0,0.006732266,0,0
"這段話",0,0,0,0,0.006732266,0,0
"遇到",0,0,0,0,0.006732266,0,0
"還是",0,0,0,0,0.006732266,0,0
"還留",0,0,0,0,0.006732266,0,0
"鋼琴",0,0,0,0,0.006732266,0,0
"錄音機",0,0,0,0,0.006732266,0,0
"長大",0,0,0,0,0.04712586,0,0
"開始懂了",0,0,0,0,0.006732266,0,0
"音樂",0,0,0,0,0.006732266,0,0
"飛得",0,0,0,0,0.01346453,0,0
"飛機",0,0,0,0,0.006732266,0,0
"食譜",0,0,0,0,0.01346453,0,0
"高",0,0,0,0,0.01346453,0,0
"魔法",0,0,0,0,0.0201968,0,0
"一句",0,0,0,0,0,0.007908042,0
"不愛了",0,0,0,0,0,0.01581608,0
"不配",0,0,0,0,0,0.01581608,0
"人",0,0,0,0,0,0.03163217,0
"你家",0,0,0,0,0,0.01581608,0
"個",0,0,0,0,0,0.01581608,0
"倒不如",0,0,0,0,0,0.01581608,0
"光上",0,0,0,0,0,0.007908042,0
"兩個",0,0,0,0,0,0.01581608,0
"反而",0,0,0,0,0,0.01581608,0
"受夠",0,0,0,0,0,0.04744825,0
"和",0,0,0,0,0,0.01581608,0
"在乎",0,0,0,0,0,0.01581608,0
"太多",0,0,0,0,0,0.01581608,0
"太會",0,0,0,0,0,0.007908042,0
"孝順",0,0,0,0,0,0.02372413,0
"寧願",0,0,0,0,0,0.01581608,0
"對錯",0,0,0,0,0,0.01581608,0
"很久",0,0,0,0,0,0.01581608,0
"很難",0,0,0,0,0,0.01581608,0
"愛",0,0,0,0,0,0.03054684,0.009268487
"懂",0,0,0,0,0,0.03163217,0
"應該",0,0,0,0,0,0.02372413,0
"戒",0,0,0,0,0,0.01581608,0
"承諾",0,0,0,0,0,0.01581608,0
"放在",0,0,0,0,0,0.01581608,0
"放手",0,0,0,0,0,0.01581608,0
"會錯",0,0,0,0,0,0.01581608,0
"東西",0,0,0,0,0,0.01581608,0
"比較",0,0,0,0,0,0.03163217,0
"求求",0,0,0,0,0,0.01581608,0
"沉默",0,0,0,0,0,0.01581608,0
"相愛",0,0,0,0,0,0.01581608,0
"真",0,0,0,0,0,0.007908042,0
"瞎說",0,0,0,0,0,0.01581608,0
"算了吧",0,0,0,0,0,0.007908042,0
"簡單",0,0,0,0,0,0.01581608,0
"終究會",0,0,0,0,0,0.01581608,0
"結果",0,0,0,0,0,0.01581608,0
"習慣",0,0,0,0,0,0.01581608,0
"胡說",0,0,0,0,0,0.01581608,0
"自由",0,0,0,0,0,0.01581608,0
"花",0,0,0,0,0,0.01581608,0
"花瓶",0,0,0,0,0,0.01581608,0
"花開",0,0,0,0,0,0.01581608,0
"落",0,0,0,0,0,0.01581608,0
"藉口",0,0,0,0,0,0.02372413,0
"說好",0,0,0,0,0,0.01581608,0
"證明",0,0,0,0,0,0.01581608,0
"變得",0,0,0,0,0,0.01581608,0
"越好",0,0,0,0,0,0.01581608,0
"越走越遠",0,0,0,0,0,0.01581608,0
"輕易",0,0,0,0,0,0.01581608,0
"追回",0,0,0,0,0,0.01581608,0
"送給",0,0,0,0,0,0.01581608,0
"這是",0,0,0,0,0,0.02372413,0
"那煙",0,0,0,0,0,0.01581608,0
"酒",0,0,0,0,0,0.01581608,0
"開口",0,0,0,0,0,0.01581608,0
"難過",0,0,0,0,0,0.01581608,0
"難道",0,0,0,0,0,0.02372413,0
"一張",0,0,0,0,0,0,0.02879338
"一直",0,0,0,0,0,0,0.01439669
"一行行",0,0,0,0,0,0,0.01439669
"下",0,0,0,0,0,0,0.01439669
"下雨",0,0,0,0,0,0,0.07198346
"不停",0,0,0,0,0,0,0.01439669
"不顧一切",0,0,0,0,0,0,0.01439669
"事情",0,0,0,0,0,0,0.02879338
"付出",0,0,0,0,0,0,0.01439669
"任性",0,0,0,0,0,0,0.01439669
"低頭",0,0,0,0,0,0,0.02879338
"停留",0,0,0,0,0,0,0.01439669
"傷心",0,0,0,0,0,0,0.01439669
"光影",0,0,0,0,0,0,0.02879338
"入鏡",0,0,0,0,0,0,0.01439669
"剪接",0,0,0,0,0,0,0.01439669
"動聽",0,0,0,0,0,0,0.01439669
"吵醒",0,0,0,0,0,0,0.02879338
"堅定",0,0,0,0,0,0,0.01439669
"始終",0,0,0,0,0,0,0.02879338
"嫩綠",0,0,0,0,0,0,0.01439669
"小小",0,0,0,0,0,0,0.01439669
"小心",0,0,0,0,0,0,0.01439669
"彼此",0,0,0,0,0,0,0.01439669
"想起",0,0,0,0,0,0,0.02879338
"愛在",0,0,0,0,0,0,0.01439669
"態度",0,0,0,0,0,0,0.01439669
"折射",0,0,0,0,0,0,0.02879338
"拆信",0,0,0,0,0,0,0.02879338
"捨",0,0,0,0,0,0,0.01439669
"搖晃",0,0,0,0,0,0,0.01439669
"擔心",0,0,0,0,0,0,0.01439669
"於是",0,0,0,0,0,0,0.02879338
"時刻",0,0,0,0,0,0,0.01439669
"曾經",0,0,0,0,0,0,0.01439669
"最",0,0,0,0,0,0,0.01439669
"森林",0,0,0,0,0,0,0.01439669
"淒美",0,0,0,0,0,0,0.01439669
"淚",0,0,0,0,0,0,0.01439669
"滴落",0,0,0,0,0,0,0.01439669
"無從",0,0,0,0,0,0,0.01439669
"熱戀",0,0,0,0,0,0,0.01439669
"玻璃瓶",0,0,0,0,0,0,0.01439669
"用唇語",0,0,0,0,0,0,0.02879338
"百葉窗",0,0,0,0,0,0,0.02879338
"的給",0,0,0,0,0,0,0.01439669
"睛",0,0,0,0,0,0,0.01439669
"窗台上",0,0,0,0,0,0,0.01439669
"竹籬",0,0,0,0,0,0,0.01439669
"簷",0,0,0,0,0,0,0.01439669
"約定",0,0,0,0,0,0,0.01439669
"紅了眼",0,0,0,0,0,0,0.01439669
"緣分",0,0,0,0,0,0,0.01439669
"聲音",0,0,0,0,0,0,0.08638015
"聽見",0,0,0,0,0,0,0.07198346
"臉上",0,0,0,0,0,0,0.01439669
"表情",0,0,0,0,0,0,0.02879338
"裡插滿",0,0,0,0,0,0,0.01439669
"輕敲",0,0,0,0,0,0,0.01439669
"過境",0,0,0,0,0,0,0.01439669
"關於",0,0,0,0,0,0,0.02879338
"雨滴",0,0,0,0,0,0,0.01439669
"青苔",0,0,0,0,0,0,0.01439669
"靠近",0,0,0,0,0,0,0.01439669
"鮮明",0,0,0,0,0,0,0.01439669
